<?xml version="1.0" encoding="UTF-8"?>
<archive xmlns="http://rs.tdwg.org/dwc/text/" metadata="eml.xml">
  <core encoding="UTF-8" rowType="http://rs.gbif.org/terms/Event" fieldsTerminatedBy="," linesTerminatedBy="&#13;&#10;" fieldsEnclosedBy="&amp;quot;" ignoreHeaderLines="1">
    <files>events.csv</files>
    <id index="0"/>
    <field index="1" term="http://rs.tdwg.org/dwc/terms/eventID"/>
    <field index="2" term="http://rs.tdwg.org/dwc/terms/year"/>
    <field index="3" term="http://rs.tdwg.org/dwc/terms/decimalLatitude"/>
    <field index="4" term="http://rs.tdwg.org/dwc/terms/decimalLongitude"/>
    <field index="5" term="http://rs.tdwg.org/dwc/terms/geodeticDatum"/>
    <field index="6" term="http://rs.tdwg.org/dwc/terms/coordinateUncertaintyInMeters"/>
  </core>
  <extension encoding="UTF-8" rowType="http://rs.tdwg.org/dwc/terms/Occurrence" fieldsTerminatedBy="," linesTerminatedBy="&#13;&#10;" fieldsEnclosedBy="&amp;quot;" ignoreHeaderLines="1">
    <files>occurrences.csv</files>
    <id index="0"/>
    <field index="1" term="http://rs.tdwg.org/dwc/terms/basisOfRecord"/>
    <field index="2" term="http://rs.tdwg.org/dwc/terms/occurrenceID"/>
    <field index="3" term="http://rs.tdwg.org/dwc/terms/occurrenceStatus"/>
    <field index="4" term="http://rs.tdwg.org/dwc/terms/eventID"/>
    <field index="5" term="http://rs.tdwg.org/dwc/terms/taxonConceptID"/>
    <field index="6" term="http://rs.tdwg.org/dwc/terms/scientificName"/>
    <field index="7" term="http://rs.tdwg.org/dwc/terms/kingdom"/>
    <field index="8" term="http://rs.tdwg.org/dwc/terms/phylum"/>
    <field index="9" term="http://rs.tdwg.org/dwc/terms/class"/>
    <field index="10" term="http://rs.tdwg.org/dwc/terms/order"/>
    <field index="11" term="http://rs.tdwg.org/dwc/terms/family"/>
    <field index="12" term="http://rs.tdwg.org/dwc/terms/genus"/>
    <field index="13" term="http://rs.tdwg.org/dwc/terms/taxonRank"/>
    <field index="14" term="http://rs.tdwg.org/dwc/terms/scientificNameAuthorship"/>
    <field index="15" term="http://rs.tdwg.org/dwc/terms/vernacularName"/>
  </extension>
</archive>
